<?xml version="1.0" encoding="UTF-8"?>
<addon id="plugin.video.eagle.uk" name="[COLORred] Eagle.[COLORgold]UK[/COLOR]" version="0.1" provider-name="by_flecha_negra">
    <requires>
        <import addon="script.module.requests"/>
    </requires>
    <extension point="xbmc.python.pluginsource" library="main.py">
        <provides>video</provides>
    </extension>
    <extension point="xbmc.addon.metadata">
        <summary>Canais de Televisão, desportos e mais...</summary>
		<description lang="en">[COLOR red]Eagle [/COLOR] [COLORorange]UK[/COLOR] [COLORorange]é um addon da familia Arrow Negra.TODOS OS LINKS ESTÃO DISPONIVEIS NA INTERNET![/COLOR]</description>
		<platform>all</platform>
		<assets>
       <icon>icon.png</icon>
       <fanart>fanart.jpg</fanart>
       <screenshot>resources/screenshots/1.jpg</screenshot>
       <screenshot>resources/screenshots/2.jpg</screenshot>
       <screenshot>resources/screenshots/3.jpg</screenshot>
    </assets>
</extension>
</addon>