<?xml version="1.0" encoding="UTF-8" standalone="yes"?>
<addon id="plugin.video.aguiagold" name="[COLORred]Aguia[COLORgold]Gold[/COLOR]" version="3.2.1" provider-name="FlechaNegra">
  <extension point="xbmc.python.pluginsource"
			library="default.py">
		<provides>video</provides>
  </extension>
	<extension point="xbmc.addon.metadata">
    <summary lang="en_GB">[COLORred]Aguia[COLORgold]Gold[/COLOR]</summary>
    <description lang="en_GB">[COLOR red]Aguia[/COLOR] [COLOR gold]Gold[/COLOR] [COLORorange]is an add-on from the  Flechanegra family. ALL LINKS ARE AVAILABLE ON THE INTERNET![/COLOR]</description>
    <language>en</language>
    <platform>all</platform>
      <assets>
        <icon>icon.png</icon>
	<fanart>fanart.jpg</fanart>
    </assets>
  </extension>
</addon>